{"cameraMode":{"drawMode":0,"name":"Shaded","section":"Shading Mode"},"sceneLighting":false,"audioPlay":false,"sceneViewState":{"showFog":true,"showMaterialUpdate":false,"showSkybox":true,"showFlares":true,"showImageEffects":true,"showParticleSystems":true},"in2DMode":false,"pivot":{"x":-4.322473526000977,"y":0.8000001907348633,"z":1.635069727897644},"rotation":{"x":-0.0004031851713079959,"y":0.9974778294563294,"z":-0.0707499161362648,"w":-0.005685204174369574},"size":4.572614669799805,"orthographic":false}