{"cameraMode":{"drawMode":0,"name":"Shaded","section":"Shading Mode"},"sceneLighting":false,"audioPlay":false,"sceneViewState":{"showFog":true,"showMaterialUpdate":false,"showSkybox":true,"showFlares":true,"showImageEffects":true,"showParticleSystems":true},"in2DMode":false,"pivot":{"x":-1.6699999570846558,"y":0.800000011920929,"z":1.0099999904632569},"rotation":{"x":-0.23105975985527039,"y":-0.3588111698627472,"z":0.0921541303396225,"w":-0.8996519446372986},"size":4.5726141929626469,"orthographic":false}