{"cameraMode":{"drawMode":0,"name":"Shaded","section":"Shading Mode"},"sceneLighting":true,"audioPlay":false,"sceneViewState":{"showFog":true,"showMaterialUpdate":false,"showSkybox":true,"showFlares":true,"showImageEffects":true,"showParticleSystems":true},"in2DMode":false,"pivot":{"x":145.1621551513672,"y":73.14338684082031,"z":-34.26504898071289},"rotation":{"x":-0.32062608003616335,"y":0.007102858275175095,"z":-0.0024045887403190138,"w":-0.9471762180328369},"size":65.45161437988281,"orthographic":false}